,PRECTOTCORR,TS,PS,T2MDEW,T2MWET,QV2M,RH2M,T2M,WS2M
1,NA,NA,NA,NA,NA,NA,NA,NA,NA
2,0.174428393,22.99009037,83.30460827,13.05649165,17.36907104,9.742187147,49.23691168,21.68165043,1.077478309
3,0.153103587,25.44856742,83.23017988,15.37865016,19.61623984,11.60639682,50.56105962,23.85382952,1.390218715
4,0.674519188,26.25786164,83.10292029,17.51278962,20.98772969,13.50574471,56.15644964,24.46266976,1.497750695
5,2.950907953,23.90798956,83.0127387,18.96879866,20.99849318,14.85280617,65.55937567,23.0281877,1.706516684
6,39.5982418,20.9665905,82.9683103,19.43399054,20.09310316,15.40923206,78.11687858,20.74221578,2.453957869
7,31.75335051,20.99666072,83.00680391,19.68206729,20.27626042,15.6073996,79.06503764,20.87186915,2.273541017
8,22.18282229,20.86753155,83.0725571,19.22252126,19.92776681,15.13351598,77.91026665,20.63301236,2.143450221
9,7.669929354,21.15442796,83.0426479,18.96056089,19.82589724,14.82438681,76.3850211,20.68123358,1.413268631
10,3.533565623,21.21762235,83.2054791,17.94586011,19.37713125,13.84676404,70.925764,20.81981798,1.109438681
11,1.218134453,20.76346634,83.23282949,16.45591378,18.38366448,12.58257091,66.48124079,20.31999957,1.187478309
12,-0.086042131,20.54575277,83.46575149,15.17807229,17.61371815,11.3821706,61.97443114,20.0379484,1.034647107
13,-0.026896413,21.45538959,83.37177707,14.901828,17.58395341,11.09035469,60.27762149,20.26749443,1.055881117
14,0,23.59223233,83.28027068,15.45119243,18.70660302,11.52971913,56.50302806,21.95201362,1.335881117
15,0.01,25.04230658,83.20442668,15.0432436,19.19088695,11.3473419,51.70625553,23.3199459,1.416244299
16,0.508584399,25.93174526,83.12716709,17.15137402,20.65028851,13.13574471,55.65784869,24.15203419,1.519257091
17,4.577804366,24.29036678,83.09990749,18.79976028,21.0108704,14.65518339,64.33627208,23.23198052,1.372269882
18,26.69174569,21.03987568,83.0455699,19.08513375,19.99876556,15.02462207,75.48382867,20.91098177,2.200672691
19,33.78833216,20.97967352,83.0140635,19.45586011,20.12041642,15.41685483,78.40282143,20.77497274,2.316009037
20,29.10884787,20.66753155,83.1197259,18.99215808,19.69183203,14.868906,77.87032032,20.40292157,2.213450221
21,-0.175328714,21.22273998,83.2155699,18.15878211,19.36270285,14.01685483,72.97191751,20.565208,1.303359426
22,10.03466768,21.84195994,83.26999829,18.17477057,19.77791128,14.02709009,69.16273064,21.40105199,0.783594688
23,-0.254692719,21.5342835,83.25008908,17.78034218,19.46694966,13.6740773,68.67975094,21.14072593,1.175608731
24,-0.178365685,20.43401111,83.38150469,14.3983818,17.14375527,10.67645453,59.33829821,19.88054434,1.273140711
25,0,20.88397399,83.45310188,12.87534844,16.38783703,9.578212731,53.74311885,19.90174123,1.213322302
26,0,22.29292157,83.37036147,14.05988417,17.42213751,10.40479963,55.91554572,20.79439084,1.478984705
27,0,24.64765947,83.28027068,14.45248011,18.73756465,10.86844799,51.42708924,23.03123358,1.462179087
28,0,26.0052657,83.16442668,16.35886887,20.22371815,12.44058996,53.60862873,24.08715182,1.599347886
29,1.75,24.94178238,83.08282949,18.94857994,21.29448164,14.89701584,63.63637942,23.64038333,1.579529476
30,13.03226988,22.26786164,82.9769855,19.14230255,20.47903795,15.06621926,71.80538873,21.80577335,2.189529476
31,26.33008231,21.13281423,83.02397271,19.13736651,19.98822079,15.04836123,76.44358089,20.84049067,2.253177835
32,22.2165905,20.70940113,83.0297259,19.2860417,19.84032563,15.21986762,79.41422048,20.41460956,2.011943825
33,12.10971064,20.77999957,83.0883103,18.69339209,19.52288444,14.52438681,76.61346103,20.3495456,1.84308704
34,2.100519737,21.30283077,83.1398167,18.13408133,19.47243047,14.00923206,71.93338678,20.80077961,1.101399054
35,0.615629308,20.55921954,83.41132309,15.67467977,17.88658648,11.7755837,64.02118712,20.08990878,1.080400305
36,0.715881117,21.17406478,83.27168628,16.65565795,18.62308258,12.59400305,65.86143489,20.58192282,1.188803114
37,-0.11598846,22.19045355,83.19584228,15.8178907,18.41088695,11.85463862,60.84366765,21.00529879,1.036062708
38,0.258584399,24.36615308,83.08858269,15.88406075,19.36070536,11.94948386,54.23155878,22.83734996,1.205881117
39,0.733194383,24.58631812,83.2255699,16.36972316,19.8290545,12.49948386,56.38636288,23.28838583,1.024647107
40,1.480998748,24.64846008,83.01858269,18.50177432,21.02411845,14.43162583,62.3478156,23.54646259,1.367296718
41,0.094919493,25.55864167,82.9654791,18.48034218,21.28292157,14.38709009,59.86146799,24.06550096,1.901997497
42,32.25470078,20.93699081,82.92680391,19.64928976,20.23063514,15.64311568,78.7807953,20.82481172,2.479892658
43,17.81760983,20.41259551,82.95388191,18.89800208,19.52077961,14.78050319,78.63503764,20.15214154,2.226463013
44,10.4904701,20.45680519,83.12105071,18.59010691,19.36110566,14.45676404,77.28113747,20.13068881,1.979112624
45,2.566289482,21.1037924,83.1169855,18.59531534,19.59074248,14.45621926,75.23269754,20.57616962,1.577333842
46,4.622979698,21.14460956,83.2141543,18.07239334,19.37384607,13.91471287,72.23271409,20.66671439,1.229620272
47,-0.514605953,21.53620675,83.27999829,16.69742018,18.88074248,12.64257091,64.26127791,21.05548038,0.917659899
48,0.077441185,21.04816712,83.18867348,14.29268228,17.28435372,10.823677,57.89604488,20.27744076,1.000037124
49,0.504428393,22.43903795,83.31999829,15.52215405,18.44075903,11.59821273,58.27623899,21.35936401,1.035790322
50,-0.073611235,23.73076306,82.98301108,14.75041239,18.43052377,11.0988483,54.43391543,22.12063514,1.350127919
51,0.2,25.55125416,83.2083103,16.63242644,20.33353656,12.86971913,55.3716621,24.02323108,1.244828698
52,0.331687987,25.76388722,83.02282949,17.67903392,20.92174123,13.60765141,56.81786927,24.14586414,1.583322302
53,5.099038376,24.35310719,82.9254791,18.53500583,20.88999957,14.49892255,63.72552917,23.24782452,1.84660748
54,26.05096565,20.52279768,83.07246631,18.85778336,19.56725917,14.72311568,77.34762149,20.27673497,2.292723859
55,14.7390214,20.15186915,83.1140635,18.59125013,19.25270285,14.43073845,78.27659771,19.91415558,2.083359426
56,16.57689196,20.41493561,83.0455699,18.75956214,19.44348289,14.64471287,78.22191751,20.12740363,1.913177835
57,0.79204671,21.2865328,83.1240635,18.11974373,19.35649568,13.94923206,72.60954028,20.60324763,1.130074248
58,6.223124164,21.09054434,83.1641543,17.57751098,19.10640488,13.4940773,70.08661426,20.62388319,1.284737903
59,0.468716349,20.87045355,83.26707629,16.01669382,18.2132105,12.10193534,64.05517808,20.43114279,0.9490755
60,-0.041015295,21.04301236,83.33150469,15.49026793,17.93486136,11.64002864,62.16531852,20.3766236,0.985790322
61,0.127350389,22.08319395,83.30017988,14.66785358,17.72290099,10.94487388,56.9931023,20.7579484,1.177205923
62,0.14876599,22.96314028,83.29301108,15.31950444,18.27112221,11.41670633,58.47159188,21.22557118,1.33030951
63,0.075934789,25.42733341,83.14442668,16.60589321,20.22892658,12.65574471,54.56391543,23.87195994,1.284828698
64,0.075843993,26.17786164,83.07566069,17.59337152,21.01155964,13.56313222,56.16325929,24.42691656,1.437659899
65,1.977259594,24.90931436,83.0684011,18.61633064,21.08009037,14.50883175,62.07320562,23.5538501,1.926425889
66,23.70829547,21.19644604,82.8912323,19.37787416,20.13894715,15.33311568,77.09535161,20.89860455,2.494230255
67,12.53397399,20.9642835,83.13671311,19.08622329,19.88776681,14.95438681,76.90737774,20.67931033,2.263631812
68,15.23494813,20.64470035,83.0855699,18.5188729,19.38155964,14.37836123,76.425764,20.24566198,2.223450221
69,3.374114425,21.32557118,83.1784011,18.58239334,19.62083328,14.46471287,74.70266042,20.65927321,1.301943825
70,0.791873607,21.97780394,83.23566069,18.44522455,19.97818367,14.33471287,70.33039053,21.52114279,0.923594688
71,4.460672691,21.00304949,83.28575149,17.20504296,18.87439084,13.13311568,68.91439805,20.55232313,1.395790322
72,-0.273916715,21.28620675,83.39725788,16.30340864,18.43302891,12.27581896,64.70742738,20.55123358,1.079166295
73,-0.055208426,21.61355714,83.41027068,13.03629351,16.71654935,9.731625828,52.60444769,20.40822079,1.155971913
74,0,22.95401111,83.41602387,12.79042894,17.12135747,9.622422409,49.33792294,21.4508704,1.32030951
75,0.03,25.11724262,83.21460827,14.74376779,19.01012346,11.22178684,51.68563248,23.28647913,1.376244299
76,0.105753198,26.50316086,83.19292029,17.14188167,20.83974373,13.13519994,54.51488957,24.5361902,1.544919493
77,2.604428393,24.25967755,83.15999829,18.38533189,20.84246759,14.363677,62.83171577,23.2996033,1.289438681
78,24.06911262,21.53279768,82.91566069,19.93600458,20.58999957,15.91709009,77.84306518,21.25399457,2.471997497
79,5.980271958,21.52889348,83.16105071,19.19402766,20.18972719,15.05652877,74.92271409,21.20401111,2.069203419
80,22.12367297,21.01976431,83.05132309,19.31339209,20.01059802,15.26288042,78.07048133,20.70497274,2.083177835
81,1.339000824,21.67045355,83.1426479,19.23631409,20.20457243,15.12589321,75.38730752,21.16283077,1.426009037
82,7.500330087,22.01976431,83.15132309,19.06622329,20.32192282,14.96288042,72.57581768,21.57903795,1.089438681
83,2.194869852,21.12889348,83.21849189,17.08170411,18.91210441,13.08836123,67.20890069,20.75250472,1.16030951
84,0.845773775,20.90638834,83.39858269,16.07623984,18.2388729,12.19732535,64.34136468,20.40009037,1.338893909
85,-0.186859289,20.58451876,83.35168628,13.61885233,16.75203016,10.11153503,56.80372132,19.875208,1.073413097
86,0,24.14689599,83.25451748,15.48257091,19.00994187,11.65004518,54.44469547,22.53872844,1.247387513
87,0.03,25.18002015,83.11867348,15.5516464,19.53257493,11.7173419,52.5601557,23.50350346,1.477569104
88,0.785753198,26.07343325,83.10990749,18.38200959,21.41791128,14.31336749,58.58706866,24.45522858,1.352179087
89,1.968167547,25.15630157,82.9541543,18.82573219,21.30479115,14.73106451,62.47159188,23.7938501,1.894919493
90,29.64555506,21.46388722,82.95680391,19.94540614,20.60072593,15.95923206,78.11767516,21.25463013,2.219892658
91,27.69169159,20.89181548,82.97963511,19.51987165,20.09698678,15.46954157,79.18883047,20.68410191,2.263268631
92,17.36998706,20.91894715,82.98680391,19.33526167,19.97192282,15.26200959,78.71035744,20.59716837,1.959112624
93,11.69125013,20.91734996,82.95538831,18.90640488,19.71165043,14.8073996,76.96035744,20.50831159,1.610165043
94,1.016326606,21.58018116,83.21963511,17.77152252,19.48270285,13.65676404,68.82808756,21.18529879,0.95537347
95,-0.340251809,21.10675152,83.32282949,15.4613946,18.02092407,11.56946732,61.20436092,20.58186915,1.125881117
96,0.225843993,21.09054434,83.39301108,13.94246356,16.99326417,10.36939307,57.08150511,20.03406478,1.295971913
97,-0.033974416,22.08045355,83.20027068,12.35718089,16.60879866,9.304564372,49.08168267,20.87183203,1.110491101
98,0,23.57172468,83.31575149,10.37906701,16.35807229,8.265761258,41.39174886,22.32566198,1.173140711
99,0.18,25.89098177,83.14301108,16.54616156,20.23478712,12.52846454,54.27588026,23.90482827,1.417478309
100,0.954519188,25.8700036,83.08566069,17.53803517,20.91261206,13.58948386,57.07095228,24.29002015,1.372088292
101,2.401271134,24.00187318,82.9669855,18.94039585,20.98990878,14.82732535,65.31242558,23.04942171,1.693503893
102,29.73043743,21.2795125,83.07538831,19.38540614,20.19451876,15.28923206,76.62678779,21.01221578,2.428204671
103,21.67045758,20.5713615,83.0226479,18.79914529,19.53210441,14.70438681,77.71737774,20.25364793,2.317787819
104,25.22934746,20.79132438,83.0883103,19.10850972,19.81110566,14.96375124,77.94110035,20.5151172,2.207787819
105,4.678914059,21.05283077,83.0998167,18.54453531,19.49704045,14.44685483,75.41191751,20.4595456,1.223359426
106,2.908518211,21.82460956,83.1569855,18.70956214,20.07809287,14.63621926,71.81732407,21.445208,1.024919493
107,1.882525721,20.9099459,83.36849189,16.03682174,18.35165043,12.11923206,62.87507074,20.66647913,1.133049916
108,-0.119653366,20.78319395,83.40734868,15.42337152,17.76522455,11.55313222,62.78989137,20.11707758,1.174556312
109,-0.002558815,21.14716837,83.36743947,11.62351598,15.8513038,8.873367486,49.11232227,20.08767602,1.187478309
110,-0.004246802,23.32045355,83.29168628,13.86126265,17.83867074,10.37115127,52.017176,21.81466323,1.384647107
111,0,25.0061902,83.31301108,15.73344173,19.38801862,11.8654352,54.88410954,23.04259551,1.546335094
112,0.07,26.13307007,83.03159548,16.71474999,20.4946261,12.85186109,54.32942934,24.27450221,1.539438681
113,11.0500908,23.77347037,82.9112323,19.31355311,21.06210441,15.23915781,68.47783215,22.82065572,1.90660748
114,21.34434566,21.28924012,83.02388191,19.71001612,20.44451876,15.67676404,77.4175884,21.1776058,2.284230255
115,20.79685886,20.6841927,83.1211415,19.06818367,19.74671439,14.95351598,78.10892126,20.43524512,2.303359426
116,24.78689599,20.46575277,83.1255699,19.0332105,19.62571565,14.91986762,79.05182671,20.22680519,2.152034621
117,2.329421706,21.28671439,83.1827387,18.54878211,19.58827446,14.38685483,74.68346103,20.63635121,1.31185303
118,6.195340375,22.12771314,83.18424509,18.83956214,20.17818367,14.70471287,71.89659771,21.51538959,1.063594688
119,-0.493660876,21.55323108,83.27282949,17.39841893,19.24607883,13.33073845,67.00507074,21.10373873,1.115971913
120,-0.042195634,20.76551751,83.38008908,15.05801862,17.65640488,11.20042894,60.5752483,20.25337555,1.195971913
121,-0.004246802,21.97584357,83.33310188,13.43758119,17.0984726,10.0588483,52.90306518,20.77936401,1.194647107
122,0,23.69154309,83.37734868,13.48787013,17.85172065,10.0869416,49.57322216,22.20273998,1.343231507
123,0,25.89682577,83.17168628,16.25042894,20.16112221,12.31242241,53.40873607,24.09323108,1.351997497
124,0.06,26.0871724,83.09999829,17.93396996,21.20137805,13.83099026,56.82715946,24.44595494,1.437750695
125,0.961506396,25.32072996,83.0341543,19.10094062,21.64602516,15.03193534,61.969322,24.19394089,1.465010288
126,39.49268673,21.65840641,82.8654791,20.00426292,20.70542671,16.04525764,77.60384521,21.4065905,2.419347886
127,34.90997454,20.63067226,83.06095991,19.12713125,19.80575277,15.02255436,78.20659771,20.48437429,2.523450221
128,17.90398608,20.78150597,83.1568947,19.0190545,19.72014404,14.90288042,77.98182671,20.42123358,2.069475805
129,-0.696479988,21.63141517,83.19990749,18.81878211,19.90270285,14.68685483,74.3349303,20.9866236,1.378931033
130,3.304865822,22.21250472,83.05141389,18.65134092,20.12146884,14.54224485,70.65737774,21.59159676,1.055101084
131,0.589058953,21.18341267,83.3812323,16.38965294,18.52749443,12.36772566,64.50051442,20.67533592,1.095971913
132,-0.157131675,20.02506353,83.40734868,14.55382549,16.86832813,10.78915781,63.14604488,19.18141517,1.308803114
133,0,20.49767602,83.51743947,10.97959524,15.16446106,8.306706335,49.15304863,19.34932688,1.2690755
134,0,23.3066236,83.34045227,15.0788483,18.36333439,11.19599652,57.12018879,21.64782049,1.400491101
135,0,25.78317741,83.28310188,15.14631006,19.529979,11.64209635,52.159322,23.91364793,1.252088292
136,0.84,26.53548441,83.14442668,17.06562082,20.82631409,13.1088483,54.18254947,24.59700736,1.450491101
137,3.591089544,24.30127474,83.04566069,19.13250069,21.17114279,15.02518339,65.90870298,23.19836929,1.435010288
138,28.60481215,21.99430408,82.8426479,19.92983453,20.79186915,15.94224485,76.15989137,21.65531937,2.443594688
139,27.72635524,20.47236025,83.05379111,19.13987165,19.72433717,15.03954157,79.09966417,20.30880269,2.35061902
140,23.34131186,20.72990878,83.1083103,19.1090545,19.77146884,14.96288042,78.31424106,20.44388319,2.213541017
141,5.117552129,21.21132438,83.0669855,18.9060417,19.86704045,14.79836123,75.52264387,20.8266236,1.581943825
142,2.957465791,21.68337555,83.1912323,18.56718492,19.82571565,14.46525764,72.67042766,21.08424637,1.123957869
143,7.709785315,21.25693311,83.19424509,17.39956214,19.13996245,13.29621926,68.06049788,20.90036275,1.181815906
144,-1.176364158,18.98647913,83.50141389,13.08226542,15.79763889,9.678922546,59.77820742,18.49018116,1.344647107
145,0,20.24489849,83.40753027,13.03787013,16.26460553,9.725435201,56.31224802,19.50417213,1.011997497
146,0,22.49324763,83.35460827,13.03413097,17.05743673,9.734799634,51.04324274,21.08932688,1.305881117
147,0.72,24.79633467,83.29310188,16.38828698,19.74560427,12.37329324,56.56410954,23.10150597,1.320491101
148,1.448076752,25.80261609,83.16301108,17.41547635,20.78923609,13.46099026,56.90160843,24.15299582,1.193413097
149,2.320581896,24.7372632,83.03282949,18.78313625,21.18538959,14.72431256,63.14004836,23.58905853,1.500400305
150,22.22043743,21.62042045,83.0040635,19.76947135,20.56045355,15.73621926,76.79689513,21.36143575,2.419347886
151,46.01357368,20.68907507,82.9911415,19.34818367,19.94689599,15.25351598,79.05578055,20.5341927,2.683450221
152,11.85382909,20.67584357,83.19397271,19.01357368,19.69457243,14.8773996,78.25424106,20.36698678,1.886826194
153,3.135839536,21.20557118,83.15566069,18.77595091,19.73411845,14.62685483,75.40113747,20.6837016,1.411580644
154,11.93895161,21.46479115,83.15707629,19.04700333,20.06553406,14.91073845,74.99883047,21.07548038,1.273685483
155,-0.466306457,21.15807632,83.18707629,17.08444451,18.95881923,13.04676404,66.86349412,20.82460956,1.194828698
156,1.12030951,20.42488194,83.36282949,15.07765544,17.4688729,11.23581896,62.28136468,19.87150597,1.120400305
157,-0.095443688,21.38388319,83.27734868,14.96041239,17.67103141,11.2188483,60.21533506,20.39023483,1.143140711
158,0.137259594,23.19355714,83.21584228,15.43269882,18.51527822,11.51273192,57.62302806,21.58644201,1.361725111
159,-0.02123401,25.64034621,83.23575149,16.3146592,20.11636776,12.5073419,54.36770826,23.91949192,1.100581896
160,3.16,24.74530282,83.10433589,18.56159273,21.03288444,14.44153503,62.8886493,23.50417616,1.323140711
161,2.082670188,25.20749846,83.0327387,18.58467977,21.16867477,14.51709009,61.87616877,23.74266976,1.886244299
162,43.99185303,20.79229003,82.8454791,19.71371815,20.20620675,15.68471287,79.54918156,20.71011094,2.592723859
163,38.95181102,20.57949192,83.05379111,19.23667727,19.82644201,15.14200959,79.10498397,20.41479115,2.500891406
164,19.32723816,20.65698678,83.1083103,19.00056089,19.70863764,14.89438681,77.88337023,20.41671439,2.078060205
165,2.227659472,21.01264918,83.2569855,18.11019771,19.22553406,13.95685483,74.0150211,20.3308704,1.417515433
166,10.62904241,21.44310316,83.15433589,19.25184857,20.15772969,15.1355837,75.95126136,21.06502641,1.129438681
167,-0.70227837,21.01515433,83.30566069,16.6488729,18.66598803,12.60836123,65.50732407,20.66310316,1.284647107
168,-0.110235262,19.57611595,83.47584228,13.46711067,16.23992532,9.945274187,59.14831476,19.01557118,1.270491101
169,0.147168799,21.09704045,83.40894587,14.28681771,17.1308127,10.61995439,58.75389888,19.98480769,1.170491101
170,-0.02123401,23.38159676,83.29460827,14.90151849,18.34720147,11.13456437,55.15623899,21.80146884,1.304647107
171,0.02,25.6719434,83.22159548,15.44808884,19.66458898,11.66670633,51.25558284,23.88967352,1.247659899
172,1.557168799,26.08822482,83.08433589,18.0374904,21.25224888,14.02035469,57.63410954,24.45559176,1.233322302
173,7.419166295,23.10639237,82.9555699,19.37810942,20.88744076,15.32494813,70.07013915,22.3981877,1.466153503
174,27.83848109,21.77266976,82.90680391,19.6046261,20.49301236,15.58137402,76.06446826,21.38139863,1.973594688
175,35.61608286,20.78898428,82.91671311,19.51809287,20.08105199,15.45200959,79.33039053,20.64401111,2.467152252
176,15.37864973,21.30310316,83.01671311,19.57092407,20.26758522,15.52050319,78.02035744,20.97424637,1.916463013
177,5.467238589,21.49497274,83.1325571,19.05384607,19.99059802,14.90200959,75.61803389,20.93593436,1.592996245
178,3.825233033,22.18099832,83.0741543,18.8460417,20.22740363,14.73836123,71.47193405,21.60734996,1.068204671
179,0.149368463,21.01907507,83.2398167,16.30567852,18.35909162,12.27375124,65.22895436,20.43250472,1.05030951
180,0.378258342,19.79912874,83.53716709,13.1009035,16.08956214,9.637651412,57.70288762,19.08538959,1.234465517
181,0.069219966,21.81306604,83.26186787,13.05627294,16.76770911,9.810916013,52.59614819,20.47772969,1.200400305
182,-0.019818409,23.26542671,83.22442668,13.20413097,17.52240989,9.976306029,49.92939221,21.84068881,1.191815906
183,0.04,25.963359,83.09433589,15.33422177,19.76916184,11.90790322,51.12334605,24.19410191,1.323231507
184,0.654337597,26.0771724,83.0541543,17.61128322,20.97508008,13.52186109,56.27566961,24.33029254,1.524828698
185,0.516570356,25.65214557,83.0726479,18.02605825,21.02707758,13.98431256,59.15247925,24.0495125,1.733685483
186,30.94364836,21.74169159,82.9112323,19.9556414,20.67885636,15.96097371,77.14003181,21.39924012,2.419711067
187,24.38739112,21.01226945,82.99388191,19.27685886,19.98273998,15.17652877,77.90117057,20.6886211,2.447787819
188,11.70590127,20.31488194,83.06538831,18.81206729,19.41749443,14.69589321,78.92269754,20.04292157,1.94938501
189,8.59618214,20.9094548,82.9940635,18.82567852,19.61233967,14.71375124,77.08035744,20.40616962,1.397333842
190,5.636904472,21.25292157,83.0925571,18.47417213,19.65818367,14.35224485,73.31110035,20.83077961,1.455101084
191,-0.904985682,21.29488194,83.2398167,16.74513375,18.73969006,12.70462207,65.87734062,20.72566198,1.059347886
192,0.404428393,20.29072593,83.33716709,14.43711067,17.08850972,10.80527419,60.06982116,19.75132438,1.195971913
193,0.050544772,21.4708704,83.38017988,13.88950444,17.02048664,10.31821273,56.49224802,20.16005324,1.104647107
194,-0.015571607,22.26364793,83.27168628,12.7583241,16.79578586,9.570045184,52.13776193,20.83183203,1.285971913
195,0.11,26.03058147,83.28584228,15.67668979,19.96400708,12.07178684,51.59556226,24.25132438,1.201906701
196,0.394428393,25.79849721,83.18584228,16.4688152,20.22092407,12.53487388,53.71251235,23.97303294,1.450400305
197,0.411960372,25.58319798,83.09999829,18.20177432,21.13183203,14.06162583,58.74788582,24.06188973,1.756425889
198,36.18346677,22.3572632,83.1041543,19.4828102,20.61885636,15.41946732,73.74620186,21.73490252,2.168295466
199,40.95844756,20.94733341,83.0355699,19.87339209,20.36123358,15.86438681,80.0166308,20.86190627,2.563177835
200,25.6654965,20.94205074,83.2254791,19.27704045,19.9751172,15.15954157,77.94337023,20.68177835,2.068060205
201,-1.426818562,21.91027196,83.25999829,18.84923609,19.96598803,14.69589321,73.81652749,21.08132438,1.188931033
202,1.79691699,22.3986211,83.39150469,19.04001612,20.53589724,14.89375124,70.28815778,22.04177835,0.741997497
203,1.96290545,22.25085385,83.28168628,18.86302891,20.3366236,14.69676404,70.43280085,21.80880269,0.904102336
204,0.527243047,22.08934746,83.37442668,17.73567852,19.59361081,13.62224485,67.12508728,21.45154309,1.01277753
205,-0.120326057,22.35341267,83.39310188,15.5284726,18.34119646,11.51796092,58.97214471,21.16392032,1.135790322
206,0,23.43943825,83.44885507,15.00396996,18.35371815,11.10788667,55.51380809,21.71205074,1.365971913
207,0.01,25.85089098,83.27036147,16.43571162,20.15919896,12.49122552,54.4263092,23.87127071,1.400581896
208,0.168584399,27.75708161,83.14442668,18.55026793,22.15722204,14.51002864,55.04403932,25.76559176,1.320672691
209,2.125934789,25.47574025,82.97566069,20.00467977,22.15871189,16.02859649,64.8716621,24.31274401,1.510581896
210,36.11564586,22.28319798,82.9025571,19.91270285,20.90341267,15.88954157,74.97304863,21.89412248,2.695101084
211,23.48438235,20.83441142,82.98671311,19.66005324,20.16470035,15.63255436,80.02510786,20.65934746,2.283813403
212,11.84571968,21.30903795,83.00680391,19.72261206,20.35352001,15.66652877,78.70948661,20.99584357,1.857787819
213,17.09919493,21.19072593,83.0025571,19.31836526,20.06502641,15.23652877,77.57186384,20.80027196,1.63290545
214,6.5508127,21.01346634,83.1325571,18.74498928,19.70466323,14.6873996,75.56032032,20.66575277,1.553957869
215,0.664906976,21.04036275,83.2041543,17.11417213,18.84128725,13.06375124,67.98892126,20.57840238,0.930945077
216,0.499711067,20.40036275,83.35141389,14.75765544,17.31152252,11.04581896,61.10441459,19.85397399,1.21154352
217,-0.110416852,20.4909612,83.24876428,13.34571162,16.40651223,9.905744711,57.48689513,19.46872844,1.144647107
218,0.06,23.9309612,83.33008908,14.10768854,18.3778907,10.54242241,49.59930545,22.64809287,1.03030951
219,0.061506396,26.11399457,82.95017988,16.6554929,20.43166698,12.80155158,54.31105962,24.20784106,1.247296718
220,0.140090795,25.18602919,83.0625571,17.96460553,20.73466323,13.93313222,60.87559939,23.49472093,1.668984705
221,13.77876599,22.40388722,82.9540635,19.50678461,20.64548038,15.43645453,73.74618531,21.76559176,1.675282674
222,24.36647107,21.53874902,83.07821951,19.53480769,20.42548038,15.43438681,75.91274718,21.31898428,2.15537347
223,34.99413903,20.8685303,82.9726479,19.40517087,20.0266236,15.34041239,78.76810411,20.65807632,2.646009037
224,9.218794199,20.90885636,83.11538831,19.08791128,19.82749443,14.988906,77.65113747,20.56566198,1.706735399
225,3.599067013,21.45018116,83.0869855,18.8346261,19.84430005,14.66986762,74.99032032,20.84397399,1.398477057
226,11.70593882,21.66515433,82.9584011,19.46709412,20.35713125,15.39224485,76.2596105,21.24858397,1.349347886
227,-0.67091644,20.93410191,83.28680391,16.35357368,18.45493561,12.3673996,64.69503764,20.55629754,1.004919493
228,-0.145716074,20.20177835,83.34292029,14.34250069,16.98399054,10.6521706,60.25448481,19.62548038,1.125881117
229,0.108584399,21.73927321,83.24876428,14.19790725,17.41888945,10.64369354,56.11233882,20.63987165,1.205971913
230,0.214428393,22.67825791,83.18008908,15.37727168,18.20199304,11.47757716,59.63013915,21.01671439,1.423231507
231,-0.032558815,25.12687944,83.12141389,14.82014001,19.11732938,11.24574471,51.23235536,23.41593436,1.330672691
232,0.39,25.55740766,83.01132309,18.62676404,21.31152252,14.56273192,61.1748359,23.99628099,1.509166295
233,6.084791574,24.20415961,83.0683103,18.71591378,20.77027196,14.5855837,65.73769171,22.81463013,1.705101084
234,30.31082119,20.84969409,82.9126479,19.47814654,20.10999957,15.42621926,78.41522772,20.7432682,2.603957869
235,13.52615711,20.88940113,82.97388191,19.03782049,19.80767602,14.9373996,77.32416681,20.57753155,2.202307007
236,15.26041239,20.97451876,83.00821951,19.12311971,19.86430005,15.04836123,77.64808756,20.60548038,2.300528225
237,1.400230804,21.71168756,83.0425571,19.3074573,20.25430005,15.21986762,75.64580113,21.21114279,1.282034621
238,5.065084537,21.39693311,83.1368947,18.50056089,19.67909162,14.40438681,73.48042766,20.85620675,1.145010288
239,-0.545567578,21.36666072,83.1927387,16.36097774,18.62270285,12.37621926,63.51583422,20.88442796,1.074647107
240,0.094609983,19.71515433,83.30282949,13.14948789,16.04266573,9.869157808,58.90531852,18.93584357,1.350218715
241,0.011597191,22.22014404,83.21584228,13.86919493,17.48054031,10.3869416,53.20458812,21.0918857,1.033413097
242,-0.004246802,23.76880269,83.20575149,14.43805172,18.34190224,10.98995439,53.45322216,22.25575277,1.193049916
243,0,25.13408536,83.19858269,15.50311568,19.39892658,11.63218715,52.97948301,23.30332187,1.566062708
244,4.6,24.36334245,83.08999829,19.1203216,21.2490545,15.0688483,65.63017225,23.37637179,0.950854282
245,5.868823691,23.79978489,83.0355699,19.43522455,21.17310316,15.41772566,68.4107622,22.91098177,1.780127919
246,30.26702836,21.12038333,83.0054791,19.46489849,20.20337555,15.4173996,77.5152483,20.9318526,2.393957869
247,25.0347415,20.60250472,83.0611415,19.33366448,19.87644201,15.22041239,79.56503764,20.44063514,2.032034621
248,13.61105602,20.66132438,83.1140635,19.15923609,19.79155964,15.06589321,78.64948661,20.44105199,1.888840238
249,6.083062006,21.46123358,83.0655699,18.8661325,19.85279365,14.72137402,75.21035744,20.8366236,1.23432105
250,5.022583422,21.41940113,83.0912323,18.67143172,19.84713125,14.59375124,73.39581768,21.04283077,1.230581896
251,1.596665181,21.82949192,83.2584011,17.24540614,19.31713125,13.14923206,65.03282143,21.38602516,0.914737903
252,-0.321068967,20.2500367,83.49433589,14.24208383,16.96215808,10.55732535,59.32297841,19.70223233,1.391452725
253,-0.004246802,21.585208,83.30753027,14.72649165,17.53614905,10.95369354,59.30540528,20.34297524,1.350581896
254,0.26,23.67666072,83.40876428,14.35224485,18.37359023,10.95369354,52.07696535,22.39493561,1.117750695
255,-0.026805617,26.08815057,83.14743947,16.17462207,20.24043297,12.35369354,52.68026304,24.30624387,1.26030951
256,0.448584399,26.69169159,83.04282949,18.38406075,21.57872844,14.35550945,57.55254947,24.77339612,1.244737903
257,5.24629797,23.99154712,83.0426479,19.92582299,21.53940113,15.9340773,69.87164555,23.16297927,1.694737903
258,22.09831604,21.64394089,82.9554791,19.91827446,20.67250472,15.90652877,77.28136468,21.42531937,2.261035872
259,10.56535247,21.22756868,83.18821951,19.37146884,20.21141517,15.26255436,76.66193405,21.0513615,2.00185303
260,14.10647107,20.55081673,83.11707629,19.16366448,19.75352001,15.048906,79.18425761,20.34337555,1.875918241
261,3.796545321,21.66264918,83.2427387,18.6633013,19.82996245,14.48137402,73.50337023,20.9966236,1.287152252
262,14.24073039,21.93108912,83.09575149,19.34974373,20.48996245,15.29772566,73.81505419,21.64018116,1.103503893
263,-1.387557014,21.63304949,83.2741543,17.05339209,19.1965328,12.99438681,64.62734062,21.34825791,0.901725111
264,-0.10617005,19.7170239,83.42150469,13.33623984,16.31640488,9.885818959,57.87677124,19.28515433,1.255699527
265,0,21.71306604,83.43743947,14.67672691,17.70816309,10.91995439,57.20774538,20.74101487,1.120400305
266,0.15,24.46958272,83.27177707,15.97772566,19.41226542,12.00209635,55.0839691,22.83680519,1.223140711
267,0.12876599,26.08490252,83.21442668,16.59812597,20.4217949,12.63788667,53.42088206,24.26687944,1.270400305
268,1.55876599,26.48611998,83.07575149,18.61204671,21.76201362,14.53463862,57.7640022,24.90914932,1.241906701
269,-0.033664906,25.76844354,83.0569855,18.88052377,21.62684231,14.80010288,60.44926832,24.36316086,1.834737903
270,37.93310359,22.16621078,82.9526479,19.90983453,20.86551751,15.94224485,75.48778251,21.81261609,2.011217463
271,18.76637985,21.00856742,83.02821951,19.93270285,20.44168756,15.88954157,79.97360146,20.95208786,1.944411845
272,12.95273998,21.03638834,83.0997259,19.57722204,20.25671439,15.51255436,78.21798022,20.92620675,1.838658648
273,2.7926617,21.53611595,83.1684011,19.07393686,20.05352001,14.95351598,75.14264387,21.05451876,1.464230255
274,5.726628057,22.04958272,83.13707629,19.0517949,20.33749443,14.97986762,72.34422048,21.64036275,0.899438681
275,-0.113062433,21.52747788,83.30990749,16.48595091,18.81210441,12.47836123,62.9342907,21.13542671,0.977205923
276,-0.043248054,20.14976431,83.40584228,13.73117588,16.62302891,10.213677,58.45148857,19.51488194,1.238621523
277,9.08E-05,21.85361081,83.31885507,14.22284329,17.37277307,10.64456437,56.66386176,20.53270285,1.251815906
278,0.018584399,23.83127071,83.30876428,13.23576529,17.80473345,10.02607077,48.53474914,22.382286,1.114737903
279,0.597168799,26.32125416,83.16159548,16.11449415,20.40536901,12.55242241,52.35800971,24.68482827,1.173140711
280,0.43506396,25.91488597,83.10282949,18.55661957,21.49740363,14.40701584,59.23712233,24.4496033,1.287478309
281,17.18638877,22.41630157,82.9041543,20.02600458,21.03931033,16.0455837,74.90081184,22.05120049,1.910491101
282,21.14667324,21.45176181,83.14388191,19.77128725,20.52470035,15.70954157,77.34817432,21.26811345,2.479892658
283,22.30059802,21.10843951,82.9941543,19.29987165,20.06255839,15.22803517,77.2372704,20.83666072,2.136463013
284,17.92039988,20.87629754,83.1811415,19.22640488,19.93900082,15.1173996,77.89658116,20.65018116,2.18185303
285,0.539380552,21.56018116,83.11707629,18.90622329,19.92731284,14.77288042,74.92182671,20.93840238,1.290437429
286,4.391799359,22.01958272,83.2727387,18.63435372,20.09297524,14.52525764,70.76810411,21.54301236,1.126425889
287,0.516355671,21.30172468,83.31150469,16.38965294,18.68032563,12.42772566,63.28361801,20.97241392,1.027478309
288,-0.171287681,19.80232313,83.34301108,13.35382549,16.22709412,9.860664204,58.68450136,19.11036275,1.277296718
289,0.13,22.54740363,83.32734868,15.07946732,18.1122283,11.2469416,57.62847174,21.14357368,1.134737903
290,0.001597191,23.84067226,83.36876428,13.95251723,18.2184726,10.55821273,50.76318907,22.48442796,1.26030951
291,0.017168799,25.73709815,83.25310188,16.1669993,20.05317338,12.28607077,53.71251235,23.94934746,1.444737903
292,2.427168799,24.75557521,83.16867348,19.07255436,21.47704045,14.98249666,63.24788582,23.89011094,1.046425889
293,1.726009037,25.37183606,83.03282949,18.65956214,21.35780394,14.62772566,61.17918156,24.04463013,1.578803114
294,27.37697066,21.85822482,82.8940635,20.21389974,20.92081673,16.26923206,77.45544241,21.61914932,2.230854282
295,32.97303294,21.07519145,83.05671311,19.92306604,20.48027196,15.90565795,79.48500052,21.02889348,2.308931033
296,13.63784912,21.09497274,83.1268947,19.53297524,20.21105199,15.44406075,78.30346103,20.89054434,1.893450221
297,9.390177133,21.16762235,83.0741543,19.40959927,20.13918241,15.32200959,77.82415027,20.86876556,1.738658648
298,4.26278559,21.76054434,83.1198167,19.03508008,20.18616962,14.928906,73.5934239,21.34725917,1.018386262
299,1.104886399,20.6056083,83.2541543,16.02170411,18.10192282,12.11836123,64.95354779,20.18072593,1.104556312
300,-0.236042131,20.44707758,83.26433589,15.42629351,17.65636776,11.60463862,63.95297841,19.88644201,1.077387513
301,0.084337597,21.3509612,83.36008908,14.16210038,17.23112221,10.57487388,57.45998217,20.31014404,1.101634315
302,-0.012740406,22.77921954,83.31593308,12.04170008,16.76614905,9.21908356,47.30542183,21.48918241,1.058803114
303,0.4,25.32980143,83.18017988,16.91011943,20.19259148,12.78425486,56.81956978,23.46506353,1.364465517
304,0.103375973,26.42768005,83.06999829,17.41743673,20.91836526,13.41002864,55.56558284,24.43070939,1.541997497
305,15.09735039,24.29675555,83.0084011,19.45464265,21.38849318,15.39431256,67.14398565,23.3209281,1.880854282
306,25.20961178,21.40855088,82.9897259,19.9232105,20.55789473,15.94137402,78.38755127,21.19257896,1.868477057
307,21.72833216,21.06588069,83.11397271,19.54279365,20.23264918,15.46104796,78.12425761,20.92250472,2.562814654
308,13.25606228,21.05771314,83.1169855,19.30101487,20.03352001,15.20200959,77.6534239,20.77602516,1.863722607
309,14.16046607,21.49470035,83.0841543,19.47065169,20.30032563,15.42589321,76.93881392,21.11858397,1.658658648
310,5.067180888,21.80524512,83.2984011,18.89224888,20.20776681,14.73041239,72.10498397,21.51470035,1.019711067
311,3.521039902,21.4128679,83.22867348,18.24152252,19.66626042,14.09525764,70.9342907,21.08241392,0.935971913
312,-0.646929507,19.69099832,83.40433589,14.11486136,16.72411845,10.41859649,60.56900803,19.33479115,1.141452725
313,0.02,20.50155964,83.45027068,13.75366045,16.78162986,10.27369354,57.76379154,19.80959927,1.065971913
314,-0.002831201,22.832286,83.30036147,14.59955811,17.95400708,10.91995439,55.93391543,21.28845605,1.293049916
315,0.06,25.69112624,83.21017988,17.08905047,20.47545981,13.04209635,56.159322,23.86470035,1.281906701
316,2.061506396,25.79813403,83.10575149,18.75240989,21.59607883,14.6806642,60.3563092,24.45974776,1.1690755
317,3.246970661,24.12886039,83.0627387,19.46504296,21.24373873,15.38462207,67.95458812,23.0296033,1.444647107
318,38.70887736,21.90394089,82.8312323,20.07348289,20.83355714,16.10589321,77.42521117,21.59221578,2.31784149
319,15.86942977,21.19076306,82.98520672,19.87731284,20.47442796,15.85415155,79.04042766,21.06154309,2.169021829
320,23.75778336,20.86081673,83.05821951,19.34005324,19.97388319,15.26255436,78.72876025,20.59912874,1.91185303
321,20.1076058,21.26876556,82.9754791,19.51791128,20.23315683,15.478906,77.90035744,20.93981798,1.618658648
322,2.186714395,21.68063514,83.10538831,18.58375527,19.88767602,14.48050319,72.3250211,21.17301236,1.06537347
323,0.581510426,20.31551751,83.2784011,15.51399054,17.70297524,11.74923206,64.25049788,19.89479115,1.13030951
324,-0.053937292,20.9195456,83.26150469,15.66698275,18.00865419,11.72550945,62.69755127,20.35032563,1.223140711
325,-0.019818409,20.81009037,83.31008908,13.34945077,16.50006979,9.896380278,56.90533506,19.63068881,1.280400305
326,0.15,23.14716837,83.26301108,15.11353253,18.37382549,11.3239288,56.53159188,21.64694966,1.320491101
327,6.28876599,23.34733341,83.07867348,16.39110163,19.45883578,12.86971913,60.52854196,22.52515433,1.123413097
328,-0.393244024,24.13230658,83.0555699,18.89159273,21.11197649,14.76765141,64.66778251,23.32236025,1.08030951
329,2.039219966,24.18056492,83.0926479,18.74796495,20.86150597,14.64471287,65.44528139,22.98646259,1.600218715
330,30.52130826,21.75649971,82.9984011,19.92399054,20.76009037,15.89923206,76.43143489,21.5947746,2.20802308
331,15.35711873,21.27624387,82.9511415,19.66270285,20.35424637,15.59803517,78.09737774,21.04578989,2.011762235
332,19.11843548,21.02232313,83.02963511,19.28544326,20.0137016,15.18502238,77.75730752,20.74195994,1.715918241
333,5.668418928,21.48470035,83.1197259,18.98065169,19.99032563,14.88589321,74.99032032,20.98999957,1.569801862
334,2.288518211,22.31666072,83.1255699,18.12161331,19.99165043,14.07685483,67.1296105,21.85310316,0.926698275
335,1.640292963,21.23067226,83.1827387,16.02043297,18.50306604,12.12859649,61.79748106,20.9671147,1.07154352
336,-0.252938544,20.55656993,83.34424509,14.76611192,17.42399054,11.07162583,60.46762149,20.07470035,0.984465517
337,-0.007078003,21.48123358,83.39017988,13.34836123,16.91660302,9.922731919,53.66613164,20.48626042,1.055790322
338,0,24.24656993,83.24027068,14.62051974,18.65427947,11.03242241,52.10403932,22.6980392,1.197296718
339,0.64,25.78887693,83.16008908,16.92329727,20.54212096,12.97218715,55.46784869,24.15952905,1.136062708
340,0.249401557,25.9628348,83.05424509,18.3464751,21.42201362,14.26915781,58.04316849,24.49755213,1.371725111
341,6.241869577,24.27913277,82.9712323,19.08591378,21.17497274,15.0840773,65.93848829,23.26403169,1.509166295
342,19.36958718,21.56846008,83.04538831,19.48576932,20.37629754,15.41685483,75.76070853,21.27682577,1.875101084
343,43.16199304,20.93464668,83.0668947,19.76932688,20.3109612,15.718906,79.57354779,20.85117991,2.459892658
344,14.73399011,21.45328475,83.0726479,19.65836526,20.40644201,15.60652877,77.62337023,21.13451876,1.799294215
345,12.10184857,21.55090753,83.0912323,19.75685886,20.4965328,15.73502238,77.73182671,21.23903795,1.669983453
346,2.681027385,21.49967352,83.2284011,17.97411845,19.6023768,13.88803517,69.37032032,21.23063514,1.139711067
347,4.717680476,21.78392032,83.16858269,18.39467977,19.87694966,14.26709009,70.30517808,21.36921954,1.178984705
348,0.775575637,20.9642835,83.34424509,16.59061456,18.56571565,12.54010288,65.7805681,20.53940113,1.034647107
349,-0.168002503,20.98470035,83.45017988,15.41259148,17.90832813,11.5621706,61.856082,20.39406478,1.085881117
350,-0.007078003,23.55744076,83.32177707,16.02502238,19.09723859,12.10487388,57.57301151,22.1708704,1.161634315
351,0.14,25.56504698,83.26734868,16.98698275,20.52576932,12.96249666,55.20090264,24.05455588,1.16030951
352,1.450181591,24.68954963,83.15725788,19.52259148,21.70210441,15.463677,65.13549205,23.88303294,1.058893909
353,3.451906701,24.31599206,82.94424509,20.2132105,21.93392032,16.31137402,68.79067141,23.65463013,1.493049916
354,26.67189015,22.43969409,83.01680391,20.02174123,21.04304949,16.01867074,74.89287107,22.07435775,2.183594688
355,43.21098177,20.79432062,83.0311415,19.34740363,19.99054434,15.29565795,78.68884701,20.62226945,2.027424637
356,15.28818324,21.06611595,82.9983103,19.68366448,20.25616962,15.65041239,79.3850211,20.82009037,1.904502641
357,17.05275653,21.41611595,83.0725571,19.32969006,20.19201362,15.24502238,76.4410838,21.06575277,1.16290545
358,8.886149046,21.91656993,83.0426479,19.35498928,20.40909162,15.2973996,74.45037399,21.47177835,1.260491101
359,7.358084811,21.39871189,83.1354791,18.56782049,19.78936401,14.4473996,72.66728695,21.02949192,1.021906701
360,-0.886871806,20.29099832,83.1127387,15.85965294,17.82288444,11.93772566,65.96739429,19.79328475,1.025881117
361,-0.055208426,20.1166236,83.2541543,13.52885233,16.54308258,10.12002864,57.89831476,19.55589724,1.050127919
362,0.04,21.90475402,83.22433589,13.96531131,17.28533189,10.43004518,55.49084897,20.59535247,1.277296718
363,0.004337597,25.29843951,83.15575149,15.88823331,19.78172065,12.07004518,53.14320562,23.6766236,1.134737903
364,2.848584399,24.34316086,83.10566069,18.46502238,20.83791128,14.40788667,63.66948301,23.21080018,1.17030951
365,2.466553809,24.37544729,83.0841543,19.09157619,21.21689599,15.0140773,65.17689513,23.34221578,1.537478309
366,23.89372261,21.72969409,82.9984011,19.92576932,20.77479115,15.91676404,76.32070853,21.61381297,2.455101084
367,30.77009037,20.75482827,83.0111415,19.34704045,19.95575277,15.27954157,78.87427416,20.56588069,2.087787819
368,25.2072301,20.88593436,83.0311415,19.40932688,20.02891003,15.348906,78.78113747,20.65849318,1.890346634
369,10.58611998,21.42442796,83.1383103,19.19932688,20.09598803,15.108906,76.08035744,21.00123358,1.48290545
370,3.609248603,22.15940113,83.1327387,18.8790545,20.26749443,14.77288042,71.27266042,21.65451876,0.905191879
371,1.491692016,21.01473747,83.18132309,16.48860052,18.64201362,12.56525764,64.62594157,20.78542671,1.215790322
372,-0.325588155,20.32054434,83.23424509,14.28400708,17.04850972,10.75518339,59.67065486,19.81442796,1.174647107
373,0,21.2294548,83.32575149,13.99498525,17.02614905,10.50670633,57.83001526,20.05731284,1.186062708
374,0,23.56762235,83.17159548,13.4669993,17.86578586,10.15456437,49.09081184,22.27457243,1.074647107
375,0,25.51080018,83.20141389,16.19476654,19.93253781,12.3554352,54.88183966,23.66889348,1.340218715
376,2.66,25.06662763,83.08999829,18.71104796,21.27393686,14.61249666,62.05481936,23.84682577,1.254828698
377,-0.156549779,24.70361484,83.0555699,18.74193937,21.13036275,14.68010288,63.06923523,23.51737054,1.841906701
378,26.86885679,21.89740766,83.0326479,19.42965294,20.45762235,15.34923206,74.64912789,21.48559176,1.979801862
379,15.62203419,21.17226945,82.9668947,19.67348289,20.34105199,15.61589321,78.21739429,21.0186211,2.088658648
380,31.06948789,21.09223233,83.11680391,19.30393686,20.05077961,15.19351598,77.41420394,20.81620675,1.908840238
381,7.322438528,21.38620675,83.1669855,19.13923609,20.03607883,15.00589321,76.11269754,20.93009037,1.541489849
382,3.525707587,21.92940113,83.18707629,18.2489637,19.93457243,14.11986762,68.66814123,21.62018116,0.966698275
383,2.748225248,20.83729629,83.22282949,16.61919896,18.61014404,12.73010288,66.18824454,20.59108912,1.095881117
384,-0.434044634,21.16027196,83.23716709,15.98834468,18.30983453,12.02527419,63.06219838,20.63273998,1.130218715
385,-0.008493604,21.55479115,83.40433589,13.73291754,17.11919896,10.26550945,54.95606142,20.50548038,1.194556312
386,1.07,23.44533592,83.28027068,15.3898305,18.81756465,11.63305798,55.6163092,22.24529879,1.214647107
387,0.238530728,25.77929379,83.22442668,16.32297121,20.24239334,12.4473419,52.50558284,24.16181548,1.210400305
388,0.194791574,26.10982201,83.08433589,17.41442394,20.83023483,13.41002864,56.20715946,24.25604573,1.510400305
389,4.904609983,24.27072996,83.0155699,19.47747385,21.45415558,15.39431256,66.24708924,23.40942171,1.637932285
390,36.45069327,21.15704448,82.9583103,19.9603793,20.51940113,15.94137402,79.13070853,21.08125416,2.433867074
391,35.8610435,20.51268631,83.01821951,19.34713125,19.89689599,15.27104796,79.66649037,20.42666072,2.497787819
392,15.73905004,20.96123358,83.1011415,19.27791128,19.99165043,15.168906,77.92268099,20.69822079,1.932307007
393,9.637964952,21.03018116,83.0684011,19.00772969,19.82306604,14.89438681,76.86803389,20.62981798,1.448749443
394,4.663602748,21.86460956,83.1812323,19.04878211,20.20713125,14.93685483,73.54498397,21.35689599,1.24802308
395,1.055521966,21.4642835,83.24566069,17.11878211,19.18616962,13.03685483,64.98044421,21.26497274,0.877659899
396,-0.178873332,20.04392032,83.29433589,14.02199304,16.86348289,10.43581896,58.82297841,19.69355714,1.135699527
397,0.005843993,22.04059802,83.41584228,15.17905047,18.04172065,11.27209635,58.43618531,20.90580644,1.157387513
398,0.037168799,23.2572055,83.23743947,15.13278962,18.4242258,11.33122552,55.95003181,21.72566198,1.36030951
399,0.074337597,25.6091122,83.28008908,15.35571162,19.69344576,11.68423831,50.59082839,24.01976431,1.240581896
400,0.868675195,25.81671842,83.16725788,18.4331528,21.48375527,14.38186109,58.64338318,24.53577335,1.173322302
401,4.475427141,24.15602919,83.04282949,19.48290099,21.43346634,15.45257091,66.87848829,23.37403169,1.274647107
402,17.61882369,22.49969409,82.9826479,20.39197649,21.33090753,16.46589321,75.56764207,22.27125416,2.051906701
403,36.15369757,21.16582702,83.11397271,19.77342922,20.41081673,15.74318993,78.7120414,21.03820424,2.230074248
404,29.135963,20.84232313,83.0769855,19.50854685,20.09246759,15.46104796,79.18652749,20.67780394,1.929021829
405,6.359190474,21.58018116,83.1698167,19.50526167,20.38616962,15.38200959,76.27798022,21.26707758,1.545827446
406,3.776033644,22.05675152,83.22707629,18.76233967,20.24361081,14.67041239,70.6072704,21.72488194,0.965282674
407,0.009822439,20.84606228,83.27716709,15.85850972,18.21918241,11.90375124,62.65512441,20.57985511,1.055881117
408,0.630998748,20.91602516,83.31867348,15.96460553,18.17796495,12.07002864,63.8422686,20.40132438,1.015881117
409,-0.08475445,20.87876556,83.45159548,13.73990475,16.84467977,10.27400305,56.7207622,19.9480392,1.09154352
410,0.017168799,23.01584357,83.35177707,13.5012461,17.56003267,10.16305798,50.92008548,21.62881923,1.251634315
411,0.877168799,25.06432062,83.34310188,17.41051974,20.48642143,13.3254352,58.69410954,23.55090753,1.177569104
412,1.835427141,24.86165446,83.18593308,18.29834468,20.99174123,14.23518339,61.04008548,23.68655338,1.104647107
413,5.752542268,23.71325166,83.09858269,20.07591378,21.63009037,16.0540773,70.13152166,23.18426695,1.155971913
414,24.50639279,21.80321453,83.0441543,19.89562485,20.74108912,15.88954157,76.46820742,21.58655338,2.11030951
415,24.0100367,21.63624387,83.1540635,19.74146884,20.54150597,15.69255436,77.0096105,21.34154309,2.124411845
416,16.76294215,21.4413615,83.16990749,19.76128725,20.47538959,15.71803517,77.83886759,21.19949192,1.663177835
417,9.983953411,21.90816712,83.15566069,19.35128725,20.3909612,15.22803517,74.62881392,21.43921954,1.255464265
418,3.402459533,22.22729629,83.29707629,18.55932688,20.2551172,14.5073996,68.74198773,21.95949192,0.961997497
419,2.029640849,21.89350346,83.22725788,17.83965294,19.70635121,13.75923206,67.01664735,21.56163389,1.072959121
420,-0.302121386,21.84314028,83.42433589,16.72856339,18.96704045,12.72097371,64.00753473,21.21693311,1.094465517
421,-0.002740406,21.55588069,83.44743947,13.98268228,17.26311971,10.38518339,55.48600775,20.55214154,1.120218715
422,-0.001415601,24.45834871,83.38036147,16.38603767,19.66075903,12.38908356,56.58004836,22.93406478,1.245971913
423,0.02,26.24348692,83.28885507,17.20433314,20.86782049,13.13550945,54.10552917,24.53130783,1.177569104
424,0.107168799,27.31347037,83.12301108,18.36861707,21.83406478,14.27678058,55.70942934,25.3095125,1.474647107
425,3.654428393,25.53811748,83.04849189,19.51175778,21.9570239,15.5555837,63.28247925,24.41087443,1.673594688
426,34.80047455,21.55178238,83.0426479,19.68348289,20.49597149,15.658906,76.55538873,21.30704448,1.919620272
427,22.29009843,21.03775027,83.0754791,19.54252126,20.16698678,15.49502238,78.71117057,20.7914523,1.979983453
428,14.89682577,21.21488194,83.1012323,19.43526167,20.19201362,15.32200959,77.49803389,20.94876556,1.925827446
429,6.64433314,21.01205074,83.1669855,18.90224888,19.74909162,14.738906,76.51580113,20.59593436,1.571489849
430,1.273491375,21.38036275,83.20707629,17.84010691,19.38279365,13.72525764,70.2372704,20.92548038,0.992451473
431,-0.166640574,21.05223233,83.29999829,15.65148539,18.22366448,11.87097371,61.01750163,20.78584357,0.851634315
432,0.321687987,20.92186915,83.30584228,13.88415155,17.01636776,10.50550945,57.26150511,20.14999957,1.154193131
433,-0.029546024,22.32593436,83.36301108,12.96142769,17.02172065,9.63908356,50.31620186,21.07201362,1.155971913
434,-0.002831201,24.25058147,83.36451748,12.88413097,17.86861707,9.984799634,47.40338318,22.84451876,1.29030951
435,0.08,25.70047413,83.19310188,15.76952099,19.84253781,12.02790322,52.52962345,23.92697023,1.450491101
436,0.488675195,26.59274401,83.14716709,17.9360748,21.32667727,13.81487388,56.13410954,24.71586414,1.445010288
437,2.599219966,24.95136553,83.08707629,19.41226542,21.67470035,15.41042894,64.15247925,23.94713528,1.442179087
438,21.87203462,21.92087443,83.0569855,19.8417949,20.74976431,15.81288042,75.74223148,21.65631812,1.992179087
439,19.81028851,21.60952905,83.1326479,19.64411845,20.49867477,15.59803517,76.55884701,21.34323108,1.94432105
440,17.38978086,21.4085303,83.0127387,19.62827446,20.37105199,15.61502238,77.68654404,21.11524512,1.650074248
441,6.428200213,21.77241392,83.0883103,19.62252126,20.5065328,15.55502238,76.22420394,21.38054434,1.391126668
442,4.136413372,21.8471147,83.1098167,18.89393686,20.1909612,14.83351598,72.34115402,21.48940113,1.083594688
443,-0.192917967,21.59012749,83.1855699,16.98727571,19.07342922,12.91685483,65.03588789,21.16958272,1.013140711
444,0.087895161,20.66410191,83.34424509,14.91181145,17.50763889,11.19280617,61.03138122,20.10205074,1.260127919
445,0.185934789,21.79999957,83.25017988,13.60589321,17.15253781,10.1873419,53.69616877,20.69918241,1.037569104
446,0.050272386,23.45843951,83.32008908,11.94805172,17.17747385,9.219954389,44.39714291,22.40689599,1.164465517
447,0.238675195,25.73363138,83.17159548,15.74560024,19.99596746,12.12274847,51.81503001,24.23633467,1.29030951
448,0.714609983,26.60548441,83.07141389,18.10589321,21.52818367,14.05487388,56.21416321,24.96188973,1.260491101
449,6.38382995,23.90136553,82.9984011,19.67103141,21.43497274,15.67645453,68.35238846,23.20749846,1.391906701
450,22.09127516,21.5295125,83.0111415,19.80215808,20.58949192,15.83041239,76.96909479,21.37541017,2.053503893
451,23.66270285,21.24597149,83.0411415,19.58411845,20.32557118,15.52954157,77.61120769,21.0770239,2.407243047
452,18.36920299,20.63081673,83.1568947,19.12676807,19.76936401,15.01351598,78.56110035,20.43054434,1.953541017
453,-1.16980229,21.76132438,83.18990749,18.4847169,19.80571565,14.36137402,72.26415027,21.11388319,1.118749443
454,2.421126668,22.32551751,83.23282949,18.23522455,20.10279365,14.21471287,67.44049788,21.97177835,0.884737903
455,-0.012212181,22.08500986,83.29575149,16.56477057,19.14174123,12.66010288,61.24597466,21.72871189,1.005699527
456,0.007622775,22.16482827,83.35584228,15.22825388,18.19197649,11.42518339,57.79689513,21.1542835,1.155790322
457,-0.008493604,21.87633467,83.45593308,11.05191879,15.90486136,8.46186109,45.80542183,20.75780394,1.173140711
458,0,24.64597149,83.36036147,14.15478309,18.70026793,10.6106065,48.77190988,23.24575277,1.307478309
459,0.05,25.9595125,83.27168628,15.52371412,19.80344576,11.83995439,51.234869,24.09317741,1.457659899
460,0.542921997,27.42886039,83.10584228,17.7802308,21.66818367,13.70186109,52.99256602,25.57472093,1.373594688
461,0.332141963,26.10679267,83.09132309,18.30633064,21.40515433,14.26883175,58.00104308,24.49114682,1.692088292
462,14.61196037,23.22967755,82.9769855,19.83175778,21.26090753,15.85709009,70.99935912,22.69147287,1.928204671
463,26.00331381,21.49860455,83.06397271,19.76818367,20.55072593,15.73502238,77.1129082,21.3332682,2.078567852
464,34.88499331,21.29437429,83.1140635,19.73411845,20.42406478,15.65803517,78.22193405,21.09401111,2.041671439
465,13.13897579,21.67656993,83.1755699,19.60553406,20.4366236,15.54652877,76.6534239,21.27054434,1.39308704
466,14.89132035,21.81268631,83.18566069,19.51393686,20.4894548,15.44351598,75.27037399,21.46497274,1.205101084
467,-1.571547978,22.1972055,83.24282949,18.50950847,20.1723768,14.36050319,68.86120769,21.83524512,1.044737903
468,0.531180339,21.99916587,83.32433589,17.47389974,19.46626042,13.35621926,65.73975094,21.4686211,1.003049916
469,-0.083429644,22.20898428,83.37159548,16.04094062,18.55243047,12.05042894,61.81448481,21.07250472,1.202959121
470,0.098584399,23.72208786,83.36310188,14.68743673,18.45682174,10.97852224,52.51150511,22.22479115,1.146062708
471,0.155843993,25.83408536,83.23310188,17.16110163,20.55079615,13.10971913,56.41861218,23.94049067,1.40030951
472,0.845934789,26.9242504,83.19150469,18.43259148,21.85918241,14.423677,56.19471201,25.28577335,1.284919493
473,4.096842742,24.71323511,82.99999829,20.23751098,22.10268631,16.27859649,67.4863092,23.95786164,1.336244299
474,25.65261652,21.87777084,82.9583103,19.76014404,20.66615308,15.79415155,75.88526484,21.56357771,1.900581896
475,35.02404824,21.29943825,82.94821951,19.52704045,20.23009037,15.46104796,77.83966417,20.94455588,1.669892658
476,27.665963,21.38382952,83.03105071,19.85384607,20.52927321,15.81200959,78.36260675,21.19328475,1.911126668
477,22.96728377,21.25232313,83.0097259,19.35279365,20.1295456,15.27954157,77.16104668,20.90771314,1.499983453
478,13.87444854,21.50214154,83.0711415,18.95791128,20.00192282,14.868906,74.69110035,21.04593436,1.203776278
479,-1.828353595,21.97958272,83.2726479,17.98302891,19.79740363,13.89685483,67.43198773,21.61177835,1.013322302
480,0.792323554,21.64738709,83.26292029,16.65025138,18.79996245,12.6340773,64.51209104,20.94967352,1.057296718
481,1.96401154,21.5141927,83.22008908,16.15976028,18.56576932,12.263677,62.81833131,20.96177835,0.905881117
482,0.27413946,22.30825791,83.31575149,14.53885233,17.82956214,10.85436623,55.75825706,21.12168756,1.247115127
483,0.069310762,25.54925666,83.18301108,16.48233564,20.3113946,12.59529073,53.20297035,24.13045355,0.971815906
484,2.13876599,25.43503044,83.13999829,18.63168353,21.40589724,14.57870383,61.0025866,24.17152655,1.154374721
485,12.57423025,23.19406881,82.94849189,20.45335497,21.61346634,16.50727168,73.33061371,22.79499331,1.533140711
486,21.22670633,21.96408536,83.09680391,19.63758522,20.63542671,15.61017713,75.05937121,21.620437,1.696516684
487,31.95704045,21.34208786,82.9798167,19.83978086,20.47566198,15.81228197,78.66692377,21.11295869,2.07537347
488,12.07425443,21.17099832,83.09397271,19.14137805,20.01671439,15.04529476,76.23369629,20.88205074,1.437333842
489,13.22498525,21.54205074,83.0498167,19.62763889,20.39749443,15.54146481,77.21558241,21.17876556,1.559438681
490,9.286000549,22.25533592,83.0740635,19.79243047,20.84361081,15.73625639,74.42365917,21.90337555,0.893776278
491,9.402059227,21.75775027,83.0812323,19.12128725,20.30424637,15.01086637,73.07445575,21.48578989,1.027205923
492,-0.371407541,20.90295869,83.4098167,16.9318857,18.74077961,12.77854282,67.18935466,20.53967352,1.06154352
493,-0.16845648,20.94177835,83.33310188,15.85464265,17.96152252,11.84837777,65.01711787,20.07981798,1.115881117
494,0.16,22.97451876,83.21734868,15.68282674,18.68449818,11.66674346,57.49746048,21.68475402,1.017387513
495,1.587350389,24.66856742,83.11433589,17.19520397,20.26239334,13.20770508,57.85286301,23.32958272,1.150127919
496,4.082088292,23.82827849,83.08132309,20.29852627,21.78740363,16.21678058,70.25186426,23.28628099,0.963140711
497,19.65987611,22.93755213,82.9184011,20.21996245,21.32825791,16.24095717,74.01209104,22.42513778,1.777205923
